ID,Job Title,Email Address,FirstName LastName
1,Bellman,Hank_Anderson7248@bungar.biz,Hank Anderson
2,Pharmacist,Rosalee_Tennant3898@gmail.com,Rosalee Tennant
3,Doctor,Joseph_Thomas1597@iatim.tech,Joseph Thomas
4,Food Technologist,Danny_Shields7935@atink.com,Danny Shields
5,Clerk,Maxwell_Ingram1683@deons.tech,Maxwell Ingram
6,Audiologist,Norah_Phillips746@guentu.biz,Norah Phillips
7,Auditor,Jayden_Vernon9410@ubusive.com,Jayden Vernon
8,Service Supervisor,Megan_Drew484@sveldo.biz,Megan Drew
9,Retail Trainee,Amelia_Wallace6653@brety.org,Amelia Wallace
10,Insurance Broker,Sonya_Farmer491@atink.com,Sonya Farmer
11,CNC Operator,Josh_Mann1792@ovock.tech,Josh Mann
12,Loan Officer,Bridget_Ballard769@eirey.tech,Bridget Ballard
13,Systems Administrator,Regina_Richards6299@bungar.biz,Regina Richards
14,Service Supervisor,Joy_Price3774@infotech44.tech,Joy Price
15,Cashier,Enoch_Webster515@bretoux.com,Enoch Webster
16,Insurance Broker,Holly_Lyon9716@ovock.tech,Holly Lyon
17,HR Coordinator,Ron_Emmott8585@twace.org,Ron Emmott
18,Clerk,Carl_Pope3913@zorer.org,Carl Pope
19,HR Coordinator,Carl_Redfern1298@tonsy.org,Carl Redfern
20,Software Engineer,Cameron_Ward3444@zorer.org,Cameron Ward
21,Physician,Hayden_Savage2178@bretoux.com,Hayden Savage
22,Doctor,Rocco_Bloom9410@bauros.biz,Rocco Bloom
23,Biologist,Angela_Chappell1132@naiker.biz,Angela Chappell
24,Cash Manager,Candice_Rowan3886@nanoff.biz,Candice Rowan
25,Front Desk Coordinator,Adina_Atkinson4937@bretoux.com,Adina Atkinson
26,Cook,Adeline_Moore1023@gmail.com,Adeline Moore
27,Fabricator,Chadwick_Shaw8602@nanoff.biz,Chadwick Shaw
28,Lecturer,Tom_Martin416@cispeto.com,Tom Martin
29,Associate Professor,Angelica_Potts920@famism.biz,Angelica Potts
30,Healthcare Specialist,Barney_Graham6328@zorer.org,Barney Graham
31,Global Logistics Supervisor,Julian_Nelson7339@elnee.tech,Julian Nelson
32,Audiologist,Amelia_Gosling1273@infotech44.tech,Amelia Gosling
33,Bellman,Marissa_Bowen8516@naiker.biz,Marissa Bowen
34,Treasurer,Ciara_Campbell4632@eirey.tech,Ciara Campbell
35,Mobile Developer,Tyson_Owen8635@hourpy.biz,Tyson Owen
36,Budget Analyst,Rufus_Young1269@sveldo.biz,Rufus Young
37,Mobile Developer,Hayden_Blackwall1895@mafthy.com,Hayden Blackwall
38,Clerk,Kendra_Norton3770@dionrab.com,Kendra Norton
39,Web Developer,Jack_Wigley4868@hourpy.biz,Jack Wigley
40,Budget Analyst,Jayden_Osmond7490@tonsy.org,Jayden Osmond
41,Executive Director,Rosie_Graham3298@gompie.com,Rosie Graham
42,Loan Officer,Cedrick_Hamilton3016@bretoux.com,Cedrick Hamilton
43,Executive Director,Rick_Oliver1480@guentu.biz,Rick Oliver
44,Web Developer,Ethan_Janes8883@nickia.com,Ethan Janes
45,Food Technologist,Henry_Wright9510@gompie.com,Henry Wright
46,CNC Operator,Bryce_Flynn5247@corti.com,Bryce Flynn
47,Healthcare Specialist,Mackenzie_Cameron1172@kideod.biz,Mackenzie Cameron
48,Cash Manager,Cedrick_Rogan3708@naiker.biz,Cedrick Rogan
49,Stockbroker,Francesca_Antcliff3522@gompie.com,Francesca Antcliff
50,Call Center Representative,Sienna_Dallas3141@acrit.org,Sienna Dallas

